images,label
ants/ant_(0).jpg,ants
ants/ant_(1).png,ants
ants/ant_(10).jpg,ants
ants/ant_(100).jpg,ants
ants/ant_(101).jpg,ants
ants/ant_(102).jpg,ants
ants/ant_(103).jpg,ants
ants/ant_(104).jpg,ants
ants/ant_(105).jpg,ants
ants/ant_(106).jpg,ants
ants/ant_(107).jpg,ants
ants/ant_(108).jpg,ants
ants/ant_(109).jpg,ants
ants/ant_(11).jpg,ants
ants/ant_(110).jpg,ants
ants/ant_(111).jpg,ants
ants/ant_(112).jpg,ants
ants/ant_(113).jpg,ants
ants/ant_(114).jpg,ants
ants/ant_(115).jpg,ants
ants/ant_(116).jpg,ants
ants/ant_(117).jpg,ants
ants/ant_(118).jpg,ants
ants/ant_(119).jpg,ants
ants/ant_(12).jpg,ants
ants/ant_(120).jpg,ants
ants/ant_(121).jpg,ants
ants/ant_(122).jpg,ants
ants/ant_(123).jpg,ants
ants/ant_(124).jpg,ants
ants/ant_(125).jpg,ants
ants/ant_(126).jpg,ants
ants/ant_(127).jpg,ants
ants/ant_(128).jpg,ants
ants/ant_(129).jpg,ants
ants/ant_(13).jpg,ants
ants/ant_(130).jpg,ants
ants/ant_(131).jpg,ants
ants/ant_(132).jpg,ants
ants/ant_(133).jpg,ants
ants/ant_(134).jpg,ants
ants/ant_(135).jpg,ants
ants/ant_(136).jpg,ants
ants/ant_(137).jpg,ants
ants/ant_(138).jpg,ants
ants/ant_(139).jpg,ants
ants/ant_(14).jpg,ants
ants/ant_(140).jpg,ants
ants/ant_(141).jpg,ants
ants/ant_(142).jpg,ants
ants/ant_(143).jpg,ants
ants/ant_(144).jpg,ants
ants/ant_(145).jpg,ants
ants/ant_(146).jpg,ants
ants/ant_(147).jpg,ants
ants/ant_(148).jpg,ants
ants/ant_(149).jpg,ants
ants/ant_(15).jpg,ants
ants/ant_(150).jpg,ants
ants/ant_(151).jpg,ants
ants/ant_(152).jpg,ants
ants/ant_(153).jpg,ants
ants/ant_(154).jpg,ants
ants/ant_(155).jpg,ants
ants/ant_(156).jpg,ants
ants/ant_(157).jpg,ants
ants/ant_(158).jpg,ants
ants/ant_(159).jpg,ants
ants/ant_(16).jpg,ants
ants/ant_(160).jpg,ants
ants/ant_(161).jpg,ants
ants/ant_(162).jpg,ants
ants/ant_(163).jpg,ants
ants/ant_(164).jpg,ants
ants/ant_(165).jpg,ants
ants/ant_(166).jpg,ants
ants/ant_(167).jpg,ants
ants/ant_(168).jpg,ants
ants/ant_(169).jpg,ants
ants/ant_(17).jpg,ants
ants/ant_(170).jpg,ants
ants/ant_(171).jpg,ants
ants/ant_(172).jpg,ants
ants/ant_(173).jpg,ants
ants/ant_(174).jpg,ants
ants/ant_(175).jpg,ants
ants/ant_(176).jpg,ants
ants/ant_(177).jpg,ants
ants/ant_(178).jpg,ants
ants/ant_(179).jpg,ants
ants/ant_(18).jpg,ants
ants/ant_(180).jpg,ants
ants/ant_(181).jpg,ants
ants/ant_(182).jpg,ants
ants/ant_(183).jpg,ants
ants/ant_(184).jpg,ants
ants/ant_(185).jpg,ants
ants/ant_(186).jpg,ants
ants/ant_(187).jpg,ants
ants/ant_(188).jpg,ants
ants/ant_(189).jpg,ants
ants/ant_(19).jpg,ants
ants/ant_(190).jpg,ants
ants/ant_(191).jpg,ants
ants/ant_(192).jpg,ants
ants/ant_(193).jpg,ants
ants/ant_(194).jpg,ants
ants/ant_(195).jpg,ants
ants/ant_(196).jpg,ants
ants/ant_(197).jpg,ants
ants/ant_(198).jpg,ants
ants/ant_(199).jpg,ants
ants/ant_(2).jpg,ants
ants/ant_(20).jpg,ants
ants/ant_(200).jpg,ants
ants/ant_(201).jpg,ants
ants/ant_(202).jpg,ants
ants/ant_(203).jpg,ants
ants/ant_(204).jpg,ants
ants/ant_(205).jpg,ants
ants/ant_(206).jpg,ants
ants/ant_(207).jpg,ants
ants/ant_(208).jpg,ants
ants/ant_(209).jpg,ants
ants/ant_(21).jpg,ants
ants/ant_(210).jpg,ants
ants/ant_(211).jpg,ants
ants/ant_(212).jpg,ants
ants/ant_(213).jpg,ants
ants/ant_(214).jpg,ants
ants/ant_(215).jpg,ants
ants/ant_(216).jpg,ants
ants/ant_(217).jpg,ants
ants/ant_(218).jpg,ants
ants/ant_(219).jpg,ants
ants/ant_(22).jpg,ants
ants/ant_(220).jpg,ants
ants/ant_(221).jpg,ants
ants/ant_(222).jpg,ants
ants/ant_(223).jpg,ants
ants/ant_(224).jpg,ants
ants/ant_(225).jpg,ants
ants/ant_(226).jpg,ants
ants/ant_(227).jpg,ants
ants/ant_(228).jpg,ants
ants/ant_(229).jpg,ants
ants/ant_(23).jpg,ants
ants/ant_(230).jpg,ants
ants/ant_(231).jpg,ants
ants/ant_(232).jpg,ants
ants/ant_(233).jpg,ants
ants/ant_(234).jpg,ants
ants/ant_(235).jpg,ants
ants/ant_(236).jpg,ants
ants/ant_(237).jpg,ants
ants/ant_(238).jpg,ants
ants/ant_(239).jpg,ants
ants/ant_(24).jpg,ants
ants/ant_(240).jpg,ants
ants/ant_(241).jpg,ants
ants/ant_(242).jpg,ants
ants/ant_(243).jpg,ants
ants/ant_(244).jpg,ants
ants/ant_(245).jpg,ants
ants/ant_(246).jpg,ants
ants/ant_(247).jpg,ants
ants/ant_(248).jpg,ants
ants/ant_(249).jpg,ants
ants/ant_(25).jpg,ants
ants/ant_(250).jpg,ants
ants/ant_(251).jpg,ants
ants/ant_(252).jpg,ants
ants/ant_(253).jpg,ants
ants/ant_(254).jpg,ants
ants/ant_(255).jpg,ants
ants/ant_(256).jpg,ants
ants/ant_(257).jpg,ants
ants/ant_(258).jpg,ants
ants/ant_(259).jpg,ants
ants/ant_(26).jpg,ants
ants/ant_(260).jpg,ants
ants/ant_(261).jpg,ants
ants/ant_(262).jpg,ants
ants/ant_(263).jpg,ants
ants/ant_(264).jpg,ants
ants/ant_(265).jpg,ants
ants/ant_(266).jpg,ants
ants/ant_(267).jpg,ants
ants/ant_(268).jpg,ants
ants/ant_(269).jpg,ants
ants/ant_(27).jpg,ants
ants/ant_(270).jpg,ants
ants/ant_(271).jpg,ants
ants/ant_(272).jpg,ants
ants/ant_(273).jpg,ants
ants/ant_(274).jpg,ants
ants/ant_(275).jpg,ants
ants/ant_(276).jpg,ants
ants/ant_(277).jpg,ants
ants/ant_(278).jpg,ants
ants/ant_(279).jpg,ants
ants/ant_(28).jpg,ants
ants/ant_(280).jpg,ants
ants/ant_(281).jpg,ants
ants/ant_(282).jpg,ants
ants/ant_(283).jpg,ants
ants/ant_(284).jpg,ants
ants/ant_(285).jpg,ants
ants/ant_(286).jpg,ants
ants/ant_(287).jpg,ants
ants/ant_(288).jpg,ants
ants/ant_(289).jpg,ants
ants/ant_(29).jpg,ants
ants/ant_(290).jpg,ants
ants/ant_(291).jpg,ants
ants/ant_(292).jpg,ants
ants/ant_(293).jpg,ants
ants/ant_(294).jpg,ants
ants/ant_(295).jpg,ants
ants/ant_(296).jpg,ants
ants/ant_(297).jpg,ants
ants/ant_(298).jpg,ants
ants/ant_(299).jpg,ants
ants/ant_(3).jpg,ants
ants/ant_(30).jpg,ants
ants/ant_(300).jpg,ants
ants/ant_(301).jpg,ants
ants/ant_(302).jpg,ants
ants/ant_(303).jpg,ants
ants/ant_(304).jpg,ants
ants/ant_(305).jpg,ants
ants/ant_(306).jpg,ants
ants/ant_(307).jpg,ants
ants/ant_(308).jpg,ants
ants/ant_(309).jpg,ants
ants/ant_(31).jpg,ants
ants/ant_(310).jpg,ants
ants/ant_(311).jpg,ants
ants/ant_(312).jpg,ants
ants/ant_(313).jpg,ants
ants/ant_(314).jpg,ants
ants/ant_(315).jpg,ants
ants/ant_(316).jpg,ants
ants/ant_(317).jpg,ants
ants/ant_(318).jpg,ants
ants/ant_(319).jpg,ants
ants/ant_(32).jpg,ants
ants/ant_(320).jpg,ants
ants/ant_(321).jpg,ants
ants/ant_(322).jpg,ants
ants/ant_(323).jpg,ants
ants/ant_(324).jpg,ants
ants/ant_(325).jpg,ants
ants/ant_(326).jpg,ants
ants/ant_(327).jpg,ants
ants/ant_(328).jpg,ants
ants/ant_(329).jpg,ants
ants/ant_(33).jpg,ants
ants/ant_(330).jpg,ants
ants/ant_(331).jpg,ants
ants/ant_(332).jpg,ants
ants/ant_(333).jpg,ants
ants/ant_(334).jpg,ants
ants/ant_(335).jpg,ants
ants/ant_(336).jpg,ants
ants/ant_(337).jpg,ants
ants/ant_(338).jpg,ants
ants/ant_(339).jpg,ants
ants/ant_(34).jpg,ants
ants/ant_(340).jpg,ants
ants/ant_(341).jpg,ants
ants/ant_(342).jpg,ants
ants/ant_(343).jpg,ants
ants/ant_(344).jpg,ants
ants/ant_(345).jpg,ants
ants/ant_(346).jpg,ants
ants/ant_(347).jpg,ants
ants/ant_(348).jpg,ants
ants/ant_(349).jpg,ants
ants/ant_(35).jpg,ants
ants/ant_(350).jpg,ants
ants/ant_(351).jpg,ants
ants/ant_(352).jpg,ants
ants/ant_(353).jpg,ants
ants/ant_(354).jpg,ants
ants/ant_(355).jpg,ants
ants/ant_(356).jpg,ants
ants/ant_(357).jpg,ants
ants/ant_(358).jpg,ants
ants/ant_(359).jpg,ants
ants/ant_(36).jpg,ants
ants/ant_(360).jpg,ants
ants/ant_(361).jpg,ants
ants/ant_(362).jpg,ants
ants/ant_(363).jpg,ants
ants/ant_(364).jpg,ants
ants/ant_(365).jpg,ants
ants/ant_(366).jpg,ants
ants/ant_(367).jpg,ants
ants/ant_(368).jpg,ants
ants/ant_(369).jpg,ants
ants/ant_(37).jpg,ants
ants/ant_(370).jpg,ants
ants/ant_(371).jpg,ants
ants/ant_(372).jpg,ants
ants/ant_(373).jpg,ants
ants/ant_(374).jpg,ants
ants/ant_(375).jpg,ants
ants/ant_(376).jpg,ants
ants/ant_(377).jpg,ants
ants/ant_(378).jpg,ants
ants/ant_(379).jpg,ants
ants/ant_(38).jpg,ants
ants/ant_(380).jpg,ants
ants/ant_(381).jpg,ants
ants/ant_(382).jpg,ants
ants/ant_(383).jpg,ants
ants/ant_(384).jpg,ants
ants/ant_(385).jpg,ants
ants/ant_(386).jpg,ants
ants/ant_(387).jpg,ants
ants/ant_(388).jpg,ants
ants/ant_(389).jpg,ants
ants/ant_(39).jpg,ants
ants/ant_(390).jpg,ants
ants/ant_(391).jpg,ants
ants/ant_(392).jpg,ants
ants/ant_(393).jpg,ants
ants/ant_(394).jpg,ants
ants/ant_(395).jpg,ants
ants/ant_(396).jpg,ants
ants/ant_(397).jpg,ants
ants/ant_(398).jpg,ants
ants/ant_(399).jpg,ants
ants/ant_(4).jpg,ants
ants/ant_(40).jpg,ants
ants/ant_(400).jpg,ants
ants/ant_(401).jpg,ants
ants/ant_(402).jpg,ants
ants/ant_(403).jpg,ants
ants/ant_(404).jpg,ants
ants/ant_(405).jpg,ants
ants/ant_(406).jpg,ants
ants/ant_(407).jpg,ants
ants/ant_(408).jpg,ants
ants/ant_(409).jpg,ants
ants/ant_(41).jpg,ants
ants/ant_(410).jpg,ants
ants/ant_(411).jpg,ants
ants/ant_(412).jpg,ants
ants/ant_(413).jpg,ants
ants/ant_(414).jpg,ants
ants/ant_(415).jpg,ants
ants/ant_(416).jpg,ants
ants/ant_(417).jpg,ants
ants/ant_(418).jpg,ants
ants/ant_(419).jpg,ants
ants/ant_(42).jpg,ants
ants/ant_(420).jpg,ants
ants/ant_(421).jpg,ants
ants/ant_(422).jpg,ants
ants/ant_(423).jpg,ants
ants/ant_(424).jpg,ants
ants/ant_(425).jpg,ants
ants/ant_(426).jpg,ants
ants/ant_(427).jpg,ants
ants/ant_(428).jpg,ants
ants/ant_(429).jpg,ants
ants/ant_(43).jpg,ants
ants/ant_(430).jpg,ants
ants/ant_(431).jpg,ants
ants/ant_(432).jpg,ants
ants/ant_(433).jpg,ants
ants/ant_(434).jpg,ants
ants/ant_(435).jpg,ants
ants/ant_(436).jpg,ants
ants/ant_(437).jpg,ants
ants/ant_(438).jpg,ants
ants/ant_(439).jpg,ants
ants/ant_(44).jpg,ants
ants/ant_(440).jpg,ants
ants/ant_(441).jpg,ants
ants/ant_(442).jpg,ants
ants/ant_(443).jpg,ants
ants/ant_(444).jpg,ants
ants/ant_(445).jpg,ants
ants/ant_(446).jpg,ants
ants/ant_(447).jpg,ants
ants/ant_(448).jpg,ants
ants/ant_(449).jpg,ants
ants/ant_(45).jpg,ants
ants/ant_(450).jpg,ants
ants/ant_(451).jpg,ants
ants/ant_(452).jpg,ants
ants/ant_(453).jpg,ants
ants/ant_(454).jpg,ants
ants/ant_(455).jpg,ants
ants/ant_(456).jpg,ants
ants/ant_(457).jpg,ants
ants/ant_(458).jpg,ants
ants/ant_(459).jpg,ants
ants/ant_(46).jpg,ants
ants/ant_(460).jpg,ants
ants/ant_(461).jpg,ants
ants/ant_(462).jpg,ants
ants/ant_(463).jpg,ants
ants/ant_(464).jpg,ants
ants/ant_(465).jpg,ants
ants/ant_(466).jpg,ants
ants/ant_(467).jpg,ants
ants/ant_(468).jpg,ants
ants/ant_(469).jpg,ants
ants/ant_(47).jpg,ants
ants/ant_(470).jpg,ants
ants/ant_(471).jpg,ants
ants/ant_(472).jpg,ants
ants/ant_(473).jpg,ants
ants/ant_(474).jpg,ants
ants/ant_(475).jpg,ants
ants/ant_(476).jpg,ants
ants/ant_(477).jpg,ants
ants/ant_(478).jpg,ants
ants/ant_(479).jpg,ants
ants/ant_(48).jpg,ants
ants/ant_(480).jpg,ants
ants/ant_(481).jpg,ants
ants/ant_(482).jpg,ants
ants/ant_(483).jpg,ants
ants/ant_(484).jpg,ants
ants/ant_(485).jpg,ants
ants/ant_(486).jpg,ants
ants/ant_(487).jpg,ants
ants/ant_(488).jpg,ants
ants/ant_(489).jpg,ants
ants/ant_(49).jpg,ants
ants/ant_(490).jpg,ants
ants/ant_(491).jpg,ants
ants/ant_(492).jpg,ants
ants/ant_(493).jpg,ants
ants/ant_(494).jpg,ants
ants/ant_(495).jpg,ants
ants/ant_(496).jpg,ants
ants/ant_(497).jpg,ants
ants/ant_(498).jpg,ants
ants/ant_(5).jpg,ants
ants/ant_(50).jpg,ants
ants/ant_(51).jpg,ants
ants/ant_(52).jpg,ants
ants/ant_(53).jpg,ants
ants/ant_(54).jpg,ants
ants/ant_(55).jpg,ants
ants/ant_(56).jpg,ants
ants/ant_(57).jpg,ants
ants/ant_(58).jpg,ants
ants/ant_(59).jpg,ants
ants/ant_(6).jpg,ants
ants/ant_(60).jpg,ants
ants/ant_(61).jpg,ants
ants/ant_(62).jpg,ants
ants/ant_(63).jpg,ants
ants/ant_(64).jpg,ants
ants/ant_(65).jpg,ants
ants/ant_(66).jpg,ants
ants/ant_(67).jpg,ants
ants/ant_(68).jpg,ants
ants/ant_(69).jpg,ants
ants/ant_(7).jpg,ants
ants/ant_(70).jpg,ants
ants/ant_(71).jpg,ants
ants/ant_(72).jpg,ants
ants/ant_(73).jpg,ants
ants/ant_(74).jpg,ants
ants/ant_(75).jpg,ants
ants/ant_(76).jpg,ants
ants/ant_(77).jpg,ants
ants/ant_(78).jpg,ants
ants/ant_(79).jpg,ants
ants/ant_(8).jpg,ants
ants/ant_(80).jpg,ants
ants/ant_(81).jpg,ants
ants/ant_(82).jpg,ants
ants/ant_(83).jpg,ants
ants/ant_(84).jpg,ants
ants/ant_(85).jpg,ants
ants/ant_(86).jpg,ants
ants/ant_(87).jpg,ants
ants/ant_(88).jpg,ants
ants/ant_(89).jpg,ants
ants/ant_(9).jpg,ants
ants/ant_(90).jpg,ants
ants/ant_(91).jpg,ants
ants/ant_(92).jpg,ants
ants/ant_(93).jpg,ants
ants/ant_(94).jpg,ants
ants/ant_(95).jpg,ants
ants/ant_(96).jpg,ants
ants/ant_(97).jpg,ants
ants/ant_(98).jpg,ants
ants/ant_(99).jpg,ants
bees/bees_(1).jpg,bees
bees/bees_(10).jpg,bees
bees/bees_(100).jpg,bees
bees/bees_(101).jpg,bees
bees/bees_(102).jpg,bees
bees/bees_(103).jpg,bees
bees/bees_(104).jpg,bees
bees/bees_(105).jpg,bees
bees/bees_(106).jpg,bees
bees/bees_(107).jpg,bees
bees/bees_(108).jpg,bees
bees/bees_(109).jpg,bees
bees/bees_(11).jpg,bees
bees/bees_(110).jpg,bees
bees/bees_(111).jpg,bees
bees/bees_(112).jpg,bees
bees/bees_(113).jpg,bees
bees/bees_(114).jpg,bees
bees/bees_(115).jpg,bees
bees/bees_(116).jpg,bees
bees/bees_(117).jpg,bees
bees/bees_(118).jpg,bees
bees/bees_(119).jpg,bees
bees/bees_(12).jpg,bees
bees/bees_(120).jpg,bees
bees/bees_(121).jpg,bees
bees/bees_(122).jpg,bees
bees/bees_(123).jpg,bees
bees/bees_(124).jpg,bees
bees/bees_(125).jpg,bees
bees/bees_(126).jpg,bees
bees/bees_(127).jpg,bees
bees/bees_(128).jpg,bees
bees/bees_(129).jpg,bees
bees/bees_(13).jpg,bees
bees/bees_(130).jpg,bees
bees/bees_(131).jpg,bees
bees/bees_(132).jpg,bees
bees/bees_(133).jpg,bees
bees/bees_(134).jpg,bees
bees/bees_(135).jpg,bees
bees/bees_(136).jpg,bees
bees/bees_(137).jpg,bees
bees/bees_(138).jpg,bees
bees/bees_(139).jpg,bees
bees/bees_(14).jpg,bees
bees/bees_(140).jpg,bees
bees/bees_(141).jpg,bees
bees/bees_(142).jpg,bees
bees/bees_(143).jpg,bees
bees/bees_(144).jpg,bees
bees/bees_(145).jpg,bees
bees/bees_(146).jpg,bees
bees/bees_(147).jpg,bees
bees/bees_(148).jpg,bees
bees/bees_(149).jpg,bees
bees/bees_(15).jpg,bees
bees/bees_(150).jpg,bees
bees/bees_(151).jpg,bees
bees/bees_(152).jpg,bees
bees/bees_(153).jpg,bees
bees/bees_(154).jpg,bees
bees/bees_(155).jpg,bees
bees/bees_(156).jpg,bees
bees/bees_(157).jpg,bees
bees/bees_(158).jpg,bees
bees/bees_(159).jpg,bees
bees/bees_(16).jpg,bees
bees/bees_(160).jpg,bees
bees/bees_(161).jpg,bees
bees/bees_(162).jpg,bees
bees/bees_(163).jpg,bees
bees/bees_(164).jpg,bees
bees/bees_(165).jpg,bees
bees/bees_(166).jpg,bees
bees/bees_(167).jpg,bees
bees/bees_(168).jpg,bees
bees/bees_(169).jpg,bees
bees/bees_(17).jpg,bees
bees/bees_(170).jpg,bees
bees/bees_(171).jpg,bees
bees/bees_(172).jpg,bees
bees/bees_(173).jpg,bees
bees/bees_(174).jpg,bees
bees/bees_(175).jpg,bees
bees/bees_(176).jpg,bees
bees/bees_(177).jpg,bees
bees/bees_(178).jpg,bees
bees/bees_(179).jpg,bees
bees/bees_(18).jpg,bees
bees/bees_(180).jpg,bees
bees/bees_(181).jpg,bees
bees/bees_(182).jpg,bees
bees/bees_(183).jpg,bees
bees/bees_(184).jpg,bees
bees/bees_(185).jpg,bees
bees/bees_(186).jpg,bees
bees/bees_(187).jpg,bees
bees/bees_(188).jpg,bees
bees/bees_(189).jpg,bees
bees/bees_(19).jpg,bees
bees/bees_(190).jpg,bees
bees/bees_(191).jpg,bees
bees/bees_(192).jpg,bees
bees/bees_(193).jpg,bees
bees/bees_(194).jpg,bees
bees/bees_(195).jpg,bees
bees/bees_(196).jpg,bees
bees/bees_(197).jpg,bees
bees/bees_(198).jpg,bees
bees/bees_(199).jpg,bees
bees/bees_(2).jpg,bees
bees/bees_(20).jpg,bees
bees/bees_(200).jpg,bees
bees/bees_(201).jpg,bees
bees/bees_(202).jpg,bees
bees/bees_(203).jpg,bees
bees/bees_(204).jpg,bees
bees/bees_(205).jpg,bees
bees/bees_(206).jpg,bees
bees/bees_(207).jpg,bees
bees/bees_(208).jpg,bees
bees/bees_(209).jpg,bees
bees/bees_(21).jpg,bees
bees/bees_(210).jpg,bees
bees/bees_(211).jpg,bees
bees/bees_(212).jpg,bees
bees/bees_(213).jpg,bees
bees/bees_(214).jpg,bees
bees/bees_(215).jpg,bees
bees/bees_(216).jpg,bees
bees/bees_(217).jpg,bees
bees/bees_(218).jpg,bees
bees/bees_(219).jpg,bees
bees/bees_(22).jpg,bees
bees/bees_(220).jpg,bees
bees/bees_(221).jpg,bees
bees/bees_(222).jpg,bees
bees/bees_(223).jpg,bees
bees/bees_(224).jpg,bees
bees/bees_(225).jpg,bees
bees/bees_(226).jpg,bees
bees/bees_(227).jpg,bees
bees/bees_(228).jpg,bees
bees/bees_(229).jpg,bees
bees/bees_(23).jpg,bees
bees/bees_(230).jpg,bees
bees/bees_(231).jpg,bees
bees/bees_(232).jpg,bees
bees/bees_(233).jpg,bees
bees/bees_(234).jpg,bees
bees/bees_(235).jpg,bees
bees/bees_(236).jpg,bees
bees/bees_(237).jpg,bees
bees/bees_(238).jpg,bees
bees/bees_(239).jpg,bees
bees/bees_(24).jpg,bees
bees/bees_(240).jpg,bees
bees/bees_(241).jpg,bees
bees/bees_(242).jpg,bees
bees/bees_(243).jpg,bees
bees/bees_(244).jpg,bees
bees/bees_(245).jpg,bees
bees/bees_(246).jpg,bees
bees/bees_(247).jpg,bees
bees/bees_(248).jpg,bees
bees/bees_(249).jpg,bees
bees/bees_(25).jpg,bees
bees/bees_(250).jpg,bees
bees/bees_(251).jpg,bees
bees/bees_(252).jpg,bees
bees/bees_(253).jpg,bees
bees/bees_(254).jpg,bees
bees/bees_(255).jpg,bees
bees/bees_(256).jpg,bees
bees/bees_(257).jpg,bees
bees/bees_(258).jpg,bees
bees/bees_(259).jpg,bees
bees/bees_(26).jpg,bees
bees/bees_(260).jpg,bees
bees/bees_(261).jpg,bees
bees/bees_(262).jpg,bees
bees/bees_(263).jpg,bees
bees/bees_(264).jpg,bees
bees/bees_(265).jpg,bees
bees/bees_(266).jpg,bees
bees/bees_(267).jpg,bees
bees/bees_(268).jpg,bees
bees/bees_(269).jpg,bees
bees/bees_(27).jpg,bees
bees/bees_(270).jpg,bees
bees/bees_(271).jpg,bees
bees/bees_(272).jpg,bees
bees/bees_(273).jpg,bees
bees/bees_(274).jpg,bees
bees/bees_(275).jpg,bees
bees/bees_(276).jpg,bees
bees/bees_(277).jpg,bees
bees/bees_(278).jpg,bees
bees/bees_(279).jpg,bees
bees/bees_(28).jpg,bees
bees/bees_(280).jpg,bees
bees/bees_(281).jpg,bees
bees/bees_(282).jpg,bees
bees/bees_(283).jpg,bees
bees/bees_(284).jpg,bees
bees/bees_(285).jpg,bees
bees/bees_(286).jpg,bees
bees/bees_(287).jpg,bees
bees/bees_(288).jpg,bees
bees/bees_(289).jpg,bees
bees/bees_(29).jpg,bees
bees/bees_(290).jpg,bees
bees/bees_(291).jpg,bees
bees/bees_(292).jpg,bees
bees/bees_(293).jpg,bees
bees/bees_(294).jpg,bees
bees/bees_(295).jpg,bees
bees/bees_(296).jpg,bees
bees/bees_(297).jpg,bees
bees/bees_(298).jpg,bees
bees/bees_(299).jpg,bees
bees/bees_(3).jpg,bees
bees/bees_(30).jpg,bees
bees/bees_(300).jpg,bees
bees/bees_(301).jpg,bees
bees/bees_(302).jpg,bees
bees/bees_(303).jpg,bees
bees/bees_(304).jpg,bees
bees/bees_(305).jpg,bees
bees/bees_(306).jpg,bees
bees/bees_(307).jpg,bees
bees/bees_(308).jpg,bees
bees/bees_(309).jpg,bees
bees/bees_(31).jpg,bees
bees/bees_(310).jpg,bees
bees/bees_(311).jpg,bees
bees/bees_(312).jpg,bees
bees/bees_(313).jpg,bees
bees/bees_(314).jpg,bees
bees/bees_(315).jpg,bees
bees/bees_(316).jpg,bees
bees/bees_(317).jpg,bees
bees/bees_(318).jpg,bees
bees/bees_(319).jpg,bees
bees/bees_(32).jpg,bees
bees/bees_(320).jpg,bees
bees/bees_(321).jpg,bees
bees/bees_(322).jpg,bees
bees/bees_(323).jpg,bees
bees/bees_(324).jpg,bees
bees/bees_(325).jpg,bees
bees/bees_(326).jpg,bees
bees/bees_(327).jpg,bees
bees/bees_(328).jpg,bees
bees/bees_(329).jpg,bees
bees/bees_(33).jpg,bees
bees/bees_(330).jpg,bees
bees/bees_(331).jpg,bees
bees/bees_(332).jpg,bees
bees/bees_(333).jpg,bees
bees/bees_(334).jpg,bees
bees/bees_(335).jpg,bees
bees/bees_(336).jpg,bees
bees/bees_(337).jpg,bees
bees/bees_(338).jpg,bees
bees/bees_(339).jpg,bees
bees/bees_(34).jpg,bees
bees/bees_(340).jpg,bees
bees/bees_(341).jpg,bees
bees/bees_(342).jpg,bees
bees/bees_(343).jpg,bees
bees/bees_(344).jpg,bees
bees/bees_(345).jpg,bees
bees/bees_(346).jpg,bees
bees/bees_(347).jpg,bees
bees/bees_(348).jpg,bees
bees/bees_(349).jpg,bees
bees/bees_(35).jpg,bees
bees/bees_(350).jpg,bees
bees/bees_(351).jpg,bees
bees/bees_(352).jpg,bees
bees/bees_(353).jpg,bees
bees/bees_(354).jpg,bees
bees/bees_(355).jpg,bees
bees/bees_(356).jpg,bees
bees/bees_(357).jpg,bees
bees/bees_(358).jpg,bees
bees/bees_(359).jpg,bees
bees/bees_(36).jpg,bees
bees/bees_(360).jpg,bees
bees/bees_(361).jpg,bees
bees/bees_(362).jpg,bees
bees/bees_(363).jpg,bees
bees/bees_(364).jpg,bees
bees/bees_(365).jpg,bees
bees/bees_(366).jpg,bees
bees/bees_(367).jpg,bees
bees/bees_(368).jpg,bees
bees/bees_(369).jpg,bees
bees/bees_(37).jpg,bees
bees/bees_(370).jpg,bees
bees/bees_(371).jpg,bees
bees/bees_(372).jpg,bees
bees/bees_(373).jpg,bees
bees/bees_(374).jpg,bees
bees/bees_(375).jpg,bees
bees/bees_(376).jpg,bees
bees/bees_(377).jpg,bees
bees/bees_(378).jpg,bees
bees/bees_(379).jpg,bees
bees/bees_(38).jpg,bees
bees/bees_(380).jpg,bees
bees/bees_(381).jpg,bees
bees/bees_(382).jpg,bees
bees/bees_(383).jpg,bees
bees/bees_(384).jpg,bees
bees/bees_(385).jpg,bees
bees/bees_(386).jpg,bees
bees/bees_(387).jpg,bees
bees/bees_(388).jpg,bees
bees/bees_(389).jpg,bees
bees/bees_(39).jpg,bees
bees/bees_(390).jpg,bees
bees/bees_(391).jpg,bees
bees/bees_(392).jpg,bees
bees/bees_(393).jpg,bees
bees/bees_(394).jpg,bees
bees/bees_(395).jpg,bees
bees/bees_(396).jpg,bees
bees/bees_(397).jpg,bees
bees/bees_(398).jpg,bees
bees/bees_(399).jpg,bees
bees/bees_(4).jpg,bees
bees/bees_(40).jpg,bees
bees/bees_(400).jpg,bees
bees/bees_(401).jpg,bees
bees/bees_(402).jpg,bees
bees/bees_(403).jpg,bees
bees/bees_(404).jpg,bees
bees/bees_(405).jpg,bees
bees/bees_(406).jpg,bees
bees/bees_(407).jpg,bees
bees/bees_(408).jpg,bees
bees/bees_(409).jpg,bees
bees/bees_(41).jpg,bees
bees/bees_(410).jpg,bees
bees/bees_(411).jpg,bees
bees/bees_(412).jpg,bees
bees/bees_(413).jpg,bees
bees/bees_(414).jpg,bees
bees/bees_(415).jpg,bees
bees/bees_(416).jpg,bees
bees/bees_(417).jpg,bees
bees/bees_(418).jpg,bees
bees/bees_(419).jpg,bees
bees/bees_(42).jpg,bees
bees/bees_(420).jpg,bees
bees/bees_(421).jpg,bees
bees/bees_(422).jpg,bees
bees/bees_(423).jpg,bees
bees/bees_(424).jpg,bees
bees/bees_(425).jpg,bees
bees/bees_(426).jpg,bees
bees/bees_(427).jpg,bees
bees/bees_(428).jpg,bees
bees/bees_(429).jpg,bees
bees/bees_(43).jpg,bees
bees/bees_(430).jpg,bees
bees/bees_(431).jpg,bees
bees/bees_(432).jpg,bees
bees/bees_(433).jpg,bees
bees/bees_(434).jpg,bees
bees/bees_(435).jpg,bees
bees/bees_(436).jpg,bees
bees/bees_(437).jpg,bees
bees/bees_(438).jpg,bees
bees/bees_(439).jpg,bees
bees/bees_(44).jpg,bees
bees/bees_(440).jpg,bees
bees/bees_(441).jpg,bees
bees/bees_(442).jpg,bees
bees/bees_(443).jpg,bees
bees/bees_(444).jpg,bees
bees/bees_(445).jpg,bees
bees/bees_(446).jpg,bees
bees/bees_(447).jpg,bees
bees/bees_(448).jpg,bees
bees/bees_(449).jpg,bees
bees/bees_(45).jpg,bees
bees/bees_(450).jpg,bees
bees/bees_(451).jpg,bees
bees/bees_(452).jpg,bees
bees/bees_(453).jpg,bees
bees/bees_(454).jpg,bees
bees/bees_(455).jpg,bees
bees/bees_(456).jpg,bees
bees/bees_(457).jpg,bees
bees/bees_(458).jpg,bees
bees/bees_(459).jpg,bees
bees/bees_(46).jpg,bees
bees/bees_(460).jpg,bees
bees/bees_(461).jpg,bees
bees/bees_(462).jpg,bees
bees/bees_(463).jpg,bees
bees/bees_(464).jpg,bees
bees/bees_(465).jpg,bees
bees/bees_(466).jpg,bees
bees/bees_(467).jpg,bees
bees/bees_(468).jpg,bees
bees/bees_(469).jpg,bees
bees/bees_(47).jpg,bees
bees/bees_(470).jpg,bees
bees/bees_(471).jpg,bees
bees/bees_(472).jpg,bees
bees/bees_(473).jpg,bees
bees/bees_(474).jpg,bees
bees/bees_(475).jpg,bees
bees/bees_(476).jpg,bees
bees/bees_(477).jpg,bees
bees/bees_(478).jpg,bees
bees/bees_(479).jpg,bees
bees/bees_(48).jpg,bees
bees/bees_(480).jpg,bees
bees/bees_(481).jpg,bees
bees/bees_(482).jpg,bees
bees/bees_(483).jpg,bees
bees/bees_(484).jpg,bees
bees/bees_(485).jpg,bees
bees/bees_(486).jpg,bees
bees/bees_(487).jpg,bees
bees/bees_(488).jpg,bees
bees/bees_(489).jpg,bees
bees/bees_(49).jpg,bees
bees/bees_(490).jpg,bees
bees/bees_(491).jpg,bees
bees/bees_(492).jpg,bees
bees/bees_(493).jpg,bees
bees/bees_(494).jpg,bees
bees/bees_(495).jpg,bees
bees/bees_(496).jpg,bees
bees/bees_(497).jpg,bees
bees/bees_(498).jpg,bees
bees/bees_(499).jpg,bees
bees/bees_(5).jpg,bees
bees/bees_(50).jpg,bees
bees/bees_(500).jpg,bees
bees/bees_(51).jpg,bees
bees/bees_(52).jpg,bees
bees/bees_(53).jpg,bees
bees/bees_(54).jpg,bees
bees/bees_(55).jpg,bees
bees/bees_(56).jpg,bees
bees/bees_(57).jpg,bees
bees/bees_(58).jpg,bees
bees/bees_(59).jpg,bees
bees/bees_(6).jpg,bees
bees/bees_(60).jpg,bees
bees/bees_(61).jpg,bees
bees/bees_(62).jpg,bees
bees/bees_(63).jpg,bees
bees/bees_(64).jpg,bees
bees/bees_(65).jpg,bees
bees/bees_(66).jpg,bees
bees/bees_(67).jpg,bees
bees/bees_(68).jpg,bees
bees/bees_(69).jpg,bees
bees/bees_(7).jpg,bees
bees/bees_(70).jpg,bees
bees/bees_(71).jpg,bees
bees/bees_(72).jpg,bees
bees/bees_(73).jpg,bees
bees/bees_(74).jpg,bees
bees/bees_(75).jpg,bees
bees/bees_(76).jpg,bees
bees/bees_(77).jpg,bees
bees/bees_(78).jpg,bees
bees/bees_(79).jpg,bees
bees/bees_(8).jpg,bees
bees/bees_(80).jpg,bees
bees/bees_(81).jpg,bees
bees/bees_(82).jpg,bees
bees/bees_(83).jpg,bees
bees/bees_(84).jpg,bees
bees/bees_(85).jpg,bees
bees/bees_(86).jpg,bees
bees/bees_(87).jpg,bees
bees/bees_(88).jpg,bees
bees/bees_(89).jpg,bees
bees/bees_(9).jpg,bees
bees/bees_(90).jpg,bees
bees/bees_(91).jpg,bees
bees/bees_(92).jpg,bees
bees/bees_(93).jpg,bees
bees/bees_(94).jpg,bees
bees/bees_(95).jpg,bees
bees/bees_(96).jpg,bees
bees/bees_(97).jpg,bees
bees/bees_(98).jpg,bees
bees/bees_(99).jpg,bees
beetle/beetle_(1).jpg,beetle
beetle/beetle_(10).jpg,beetle
beetle/beetle_(100).jpg,beetle
beetle/beetle_(101).jpg,beetle
beetle/beetle_(102).jpg,beetle
beetle/beetle_(103).jpg,beetle
beetle/beetle_(104).jpg,beetle
beetle/beetle_(105).jpg,beetle
beetle/beetle_(106).jpg,beetle
beetle/beetle_(107).jpg,beetle
beetle/beetle_(108).jpg,beetle
beetle/beetle_(109).jpg,beetle
beetle/beetle_(11).jpg,beetle
beetle/beetle_(110).jpg,beetle
beetle/beetle_(111).jpg,beetle
beetle/beetle_(112).jpg,beetle
beetle/beetle_(113).jpg,beetle
beetle/beetle_(114).jpg,beetle
beetle/beetle_(115).jpg,beetle
beetle/beetle_(116).jpg,beetle
beetle/beetle_(117).jpg,beetle
beetle/beetle_(118).jpg,beetle
beetle/beetle_(119).jpg,beetle
beetle/beetle_(12).jpg,beetle
beetle/beetle_(120).jpg,beetle
beetle/beetle_(121).jpg,beetle
beetle/beetle_(122).jpg,beetle
beetle/beetle_(123).jpg,beetle
beetle/beetle_(124).jpg,beetle
beetle/beetle_(125).jpg,beetle
beetle/beetle_(126).jpg,beetle
beetle/beetle_(127).jpg,beetle
beetle/beetle_(128).jpg,beetle
beetle/beetle_(129).jpg,beetle
beetle/beetle_(13).jpg,beetle
beetle/beetle_(130).jpg,beetle
beetle/beetle_(131).jpg,beetle
beetle/beetle_(132).jpg,beetle
beetle/beetle_(133).jpg,beetle
beetle/beetle_(134).jpg,beetle
beetle/beetle_(135).jpg,beetle
beetle/beetle_(136).jpg,beetle
beetle/beetle_(137).jpg,beetle
beetle/beetle_(138).jpg,beetle
beetle/beetle_(139).jpg,beetle
beetle/beetle_(14).jpg,beetle
beetle/beetle_(140).jpg,beetle
beetle/beetle_(141).jpg,beetle
beetle/beetle_(142).jpg,beetle
beetle/beetle_(143).jpg,beetle
beetle/beetle_(144).jpg,beetle
beetle/beetle_(145).jpg,beetle
beetle/beetle_(146).jpg,beetle
beetle/beetle_(147).jpg,beetle
beetle/beetle_(148).jpg,beetle
beetle/beetle_(149).jpg,beetle
beetle/beetle_(15).jpg,beetle
beetle/beetle_(150).jpg,beetle
beetle/beetle_(151).jpg,beetle
beetle/beetle_(152).jpg,beetle
beetle/beetle_(153).jpg,beetle
beetle/beetle_(154).jpg,beetle
beetle/beetle_(155).jpg,beetle
beetle/beetle_(156).jpg,beetle
beetle/beetle_(158).jpg,beetle
beetle/beetle_(159).jpg,beetle
beetle/beetle_(16).jpg,beetle
beetle/beetle_(160).jpg,beetle
beetle/beetle_(161).jpg,beetle
beetle/beetle_(162).jpg,beetle
beetle/beetle_(163).jpg,beetle
beetle/beetle_(164).jpg,beetle
beetle/beetle_(165).jpg,beetle
beetle/beetle_(166).jpg,beetle
beetle/beetle_(167).jpg,beetle
beetle/beetle_(168).jpg,beetle
beetle/beetle_(169).jpg,beetle
beetle/beetle_(17).jpg,beetle
beetle/beetle_(170).jpg,beetle
beetle/beetle_(171).jpg,beetle
beetle/beetle_(172).jpg,beetle
beetle/beetle_(173).jpg,beetle
beetle/beetle_(174).jpg,beetle
beetle/beetle_(175).jpg,beetle
beetle/beetle_(176).jpg,beetle
beetle/beetle_(177).jpg,beetle
beetle/beetle_(178).jpg,beetle
beetle/beetle_(179).jpg,beetle
beetle/beetle_(18).jpg,beetle
beetle/beetle_(180).jpg,beetle
beetle/beetle_(181).jpg,beetle
beetle/beetle_(182).jpg,beetle
beetle/beetle_(183).jpg,beetle
beetle/beetle_(184).jpg,beetle
beetle/beetle_(185).jpg,beetle
beetle/beetle_(186).jpg,beetle
beetle/beetle_(187).jpg,beetle
beetle/beetle_(188).jpg,beetle
beetle/beetle_(189).jpg,beetle
beetle/beetle_(19).jpg,beetle
beetle/beetle_(190).jpg,beetle
beetle/beetle_(191).jpg,beetle
beetle/beetle_(192).jpg,beetle
beetle/beetle_(193).jpg,beetle
beetle/beetle_(194).jpg,beetle
beetle/beetle_(195).jpg,beetle
beetle/beetle_(196).jpg,beetle
beetle/beetle_(197).jpg,beetle
beetle/beetle_(198).jpg,beetle
beetle/beetle_(199).jpg,beetle
beetle/beetle_(2).jpg,beetle
beetle/beetle_(20).jpg,beetle
beetle/beetle_(200).jpg,beetle
beetle/beetle_(201).jpg,beetle
beetle/beetle_(202).jpg,beetle
beetle/beetle_(203).jpg,beetle
beetle/beetle_(204).jpg,beetle
beetle/beetle_(205).jpg,beetle
beetle/beetle_(206).jpg,beetle
beetle/beetle_(207).jpg,beetle
beetle/beetle_(208).jpg,beetle
beetle/beetle_(209).jpg,beetle
beetle/beetle_(21).jpg,beetle
beetle/beetle_(210).jpg,beetle
beetle/beetle_(211).jpg,beetle
beetle/beetle_(212).jpg,beetle
beetle/beetle_(213).jpg,beetle
beetle/beetle_(214).jpg,beetle
beetle/beetle_(215).jpg,beetle
beetle/beetle_(216).jpg,beetle
beetle/beetle_(217).jpg,beetle
beetle/beetle_(218).jpg,beetle
beetle/beetle_(219).jpg,beetle
beetle/beetle_(22).jpg,beetle
beetle/beetle_(220).jpg,beetle
beetle/beetle_(221).jpg,beetle
beetle/beetle_(222).jpg,beetle
beetle/beetle_(223).jpg,beetle
beetle/beetle_(224).jpg,beetle
beetle/beetle_(225).jpg,beetle
beetle/beetle_(226).jpg,beetle
beetle/beetle_(227).jpg,beetle
beetle/beetle_(228).jpg,beetle
beetle/beetle_(229).jpg,beetle
beetle/beetle_(23).jpg,beetle
beetle/beetle_(230).jpg,beetle
beetle/beetle_(231).jpg,beetle
beetle/beetle_(232).jpg,beetle
beetle/beetle_(233).jpg,beetle
beetle/beetle_(234).jpg,beetle
beetle/beetle_(235).jpg,beetle
beetle/beetle_(236).jpg,beetle
beetle/beetle_(237).jpg,beetle
beetle/beetle_(238).jpg,beetle
beetle/beetle_(239).jpg,beetle
beetle/beetle_(24).jpg,beetle
beetle/beetle_(240).jpg,beetle
beetle/beetle_(241).jpg,beetle
beetle/beetle_(242).jpg,beetle
beetle/beetle_(243).jpg,beetle
beetle/beetle_(244).jpg,beetle
beetle/beetle_(245).jpg,beetle
beetle/beetle_(246).jpg,beetle
beetle/beetle_(247).jpg,beetle
beetle/beetle_(248).jpg,beetle
beetle/beetle_(249).jpg,beetle
beetle/beetle_(25).jpg,beetle
beetle/beetle_(250).jpg,beetle
beetle/beetle_(251).jpg,beetle
beetle/beetle_(252).jpg,beetle
beetle/beetle_(253).jpg,beetle
beetle/beetle_(254).jpg,beetle
beetle/beetle_(255).jpg,beetle
beetle/beetle_(256).jpg,beetle
beetle/beetle_(257).jpg,beetle
beetle/beetle_(258).jpg,beetle
beetle/beetle_(259).jpg,beetle
beetle/beetle_(26).jpg,beetle
beetle/beetle_(260).jpg,beetle
beetle/beetle_(261).jpg,beetle
beetle/beetle_(262).jpg,beetle
beetle/beetle_(263).jpg,beetle
beetle/beetle_(264).jpg,beetle
beetle/beetle_(265).jpg,beetle
beetle/beetle_(266).jpg,beetle
beetle/beetle_(267).jpg,beetle
beetle/beetle_(268).jpg,beetle
beetle/beetle_(269).jpg,beetle
beetle/beetle_(27).jpg,beetle
beetle/beetle_(270).jpg,beetle
beetle/beetle_(271).jpg,beetle
beetle/beetle_(272).jpg,beetle
beetle/beetle_(273).jpg,beetle
beetle/beetle_(274).jpg,beetle
beetle/beetle_(275).jpg,beetle
beetle/beetle_(276).jpg,beetle
beetle/beetle_(277).jpg,beetle
beetle/beetle_(278).jpg,beetle
beetle/beetle_(279).jpg,beetle
beetle/beetle_(28).jpg,beetle
beetle/beetle_(280).jpg,beetle
beetle/beetle_(281).jpg,beetle
beetle/beetle_(282).jpg,beetle
beetle/beetle_(283).jpg,beetle
beetle/beetle_(284).jpg,beetle
beetle/beetle_(285).jpg,beetle
beetle/beetle_(286).jpg,beetle
beetle/beetle_(287).jpg,beetle
beetle/beetle_(288).jpg,beetle
beetle/beetle_(289).jpg,beetle
beetle/beetle_(29).jpg,beetle
beetle/beetle_(290).jpg,beetle
beetle/beetle_(291).jpg,beetle
beetle/beetle_(292).jpg,beetle
beetle/beetle_(293).jpg,beetle
beetle/beetle_(294).jpg,beetle
beetle/beetle_(296).jpg,beetle
beetle/beetle_(297).jpg,beetle
beetle/beetle_(298).jpg,beetle
beetle/beetle_(299).jpg,beetle
beetle/beetle_(3).jpg,beetle
beetle/beetle_(30).jpg,beetle
beetle/beetle_(300).jpg,beetle
beetle/beetle_(301).jpg,beetle
beetle/beetle_(302).jpg,beetle
beetle/beetle_(303).jpg,beetle
beetle/beetle_(304).jpg,beetle
beetle/beetle_(305).jpg,beetle
beetle/beetle_(306).jpg,beetle
beetle/beetle_(307).jpg,beetle
beetle/beetle_(308).jpg,beetle
beetle/beetle_(309).jpg,beetle
beetle/beetle_(31).jpg,beetle
beetle/beetle_(310).jpg,beetle
beetle/beetle_(311).jpg,beetle
beetle/beetle_(312).jpg,beetle
beetle/beetle_(313).jpg,beetle
beetle/beetle_(314).jpg,beetle
beetle/beetle_(315).jpg,beetle
beetle/beetle_(316).jpg,beetle
beetle/beetle_(317).jpg,beetle
beetle/beetle_(318).jpg,beetle
beetle/beetle_(319).jpg,beetle
beetle/beetle_(32).jpg,beetle
beetle/beetle_(320).jpg,beetle
beetle/beetle_(321).jpg,beetle
beetle/beetle_(322).jpg,beetle
beetle/beetle_(323).jpg,beetle
beetle/beetle_(324).jpg,beetle
beetle/beetle_(325).jpg,beetle
beetle/beetle_(326).jpg,beetle
beetle/beetle_(327).jpg,beetle
beetle/beetle_(328).jpg,beetle
beetle/beetle_(329).jpg,beetle
beetle/beetle_(33).jpg,beetle
beetle/beetle_(330).jpg,beetle
beetle/beetle_(331).jpg,beetle
beetle/beetle_(332).jpg,beetle
beetle/beetle_(333).jpg,beetle
beetle/beetle_(334).jpg,beetle
beetle/beetle_(335).jpg,beetle
beetle/beetle_(336).jpg,beetle
beetle/beetle_(337).jpg,beetle
beetle/beetle_(338).jpg,beetle
beetle/beetle_(339).jpg,beetle
beetle/beetle_(34).jpg,beetle
beetle/beetle_(340).jpg,beetle
beetle/beetle_(341).jpg,beetle
beetle/beetle_(342).jpg,beetle
beetle/beetle_(343).jpg,beetle
beetle/beetle_(344).jpg,beetle
beetle/beetle_(345).jpg,beetle
beetle/beetle_(346).jpg,beetle
beetle/beetle_(348).jpg,beetle
beetle/beetle_(349).jpg,beetle
beetle/beetle_(35).jpg,beetle
beetle/beetle_(350).jpg,beetle
beetle/beetle_(351).jpg,beetle
beetle/beetle_(352).jpg,beetle
beetle/beetle_(353).jpg,beetle
beetle/beetle_(354).jpg,beetle
beetle/beetle_(355).jpg,beetle
beetle/beetle_(356).jpg,beetle
beetle/beetle_(357).jpg,beetle
beetle/beetle_(358).jpg,beetle
beetle/beetle_(359).jpg,beetle
beetle/beetle_(36).jpg,beetle
beetle/beetle_(360).jpg,beetle
beetle/beetle_(361).jpg,beetle
beetle/beetle_(362).jpg,beetle
beetle/beetle_(363).jpg,beetle
beetle/beetle_(364).jpg,beetle
beetle/beetle_(365).jpg,beetle
beetle/beetle_(366).jpg,beetle
beetle/beetle_(367).jpg,beetle
beetle/beetle_(368).jpg,beetle
beetle/beetle_(369).jpg,beetle
beetle/beetle_(37).jpg,beetle
beetle/beetle_(370).jpg,beetle
beetle/beetle_(371).jpg,beetle
beetle/beetle_(372).jpg,beetle
beetle/beetle_(373).jpg,beetle
beetle/beetle_(374).jpg,beetle
beetle/beetle_(375).jpg,beetle
beetle/beetle_(376).jpg,beetle
beetle/beetle_(377).jpg,beetle
beetle/beetle_(378).jpg,beetle
beetle/beetle_(38).jpg,beetle
beetle/beetle_(380).jpg,beetle
beetle/beetle_(381).jpg,beetle
beetle/beetle_(382).jpg,beetle
beetle/beetle_(383).jpg,beetle
beetle/beetle_(384).jpg,beetle
beetle/beetle_(385).jpg,beetle
beetle/beetle_(386).jpg,beetle
beetle/beetle_(387).jpg,beetle
beetle/beetle_(388).jpg,beetle
beetle/beetle_(389).jpg,beetle
beetle/beetle_(39).jpg,beetle
beetle/beetle_(390).jpg,beetle
beetle/beetle_(391).jpg,beetle
beetle/beetle_(392).jpg,beetle
beetle/beetle_(393).jpg,beetle
beetle/beetle_(394).jpg,beetle
beetle/beetle_(395).jpg,beetle
beetle/beetle_(396).jpg,beetle
beetle/beetle_(397).jpg,beetle
beetle/beetle_(398).jpg,beetle
beetle/beetle_(399).jpg,beetle
beetle/beetle_(4).jpg,beetle
beetle/beetle_(40).jpg,beetle
beetle/beetle_(400).jpg,beetle
beetle/beetle_(401).jpg,beetle
beetle/beetle_(402).jpg,beetle
beetle/beetle_(403).jpg,beetle
beetle/beetle_(405).jpg,beetle
beetle/beetle_(406).jpg,beetle
beetle/beetle_(407).jpg,beetle
beetle/beetle_(408).jpg,beetle
beetle/beetle_(409).jpg,beetle
beetle/beetle_(41).jpg,beetle
beetle/beetle_(410).jpg,beetle
beetle/beetle_(411).jpg,beetle
beetle/beetle_(412).jpg,beetle
beetle/beetle_(413).jpg,beetle
beetle/beetle_(414).jpg,beetle
beetle/beetle_(415).jpg,beetle
beetle/beetle_(416).jpg,beetle
beetle/beetle_(417).jpg,beetle
beetle/beetle_(418).jpg,beetle
beetle/beetle_(419).jpg,beetle
beetle/beetle_(42).jpg,beetle
beetle/beetle_(420).jpg,beetle
beetle/beetle_(421).jpg,beetle
beetle/beetle_(43).jpg,beetle
beetle/beetle_(44).jpg,beetle
beetle/beetle_(45).jpg,beetle
beetle/beetle_(46).jpg,beetle
beetle/beetle_(47).jpg,beetle
beetle/beetle_(48).jpg,beetle
beetle/beetle_(49).jpg,beetle
beetle/beetle_(5).jpg,beetle
beetle/beetle_(50).jpg,beetle
beetle/beetle_(51).jpg,beetle
beetle/beetle_(52).jpg,beetle
beetle/beetle_(53).jpg,beetle
beetle/beetle_(54).jpg,beetle
beetle/beetle_(55).jpg,beetle
beetle/beetle_(56).jpg,beetle
beetle/beetle_(57).jpg,beetle
beetle/beetle_(58).jpg,beetle
beetle/beetle_(59).jpg,beetle
beetle/beetle_(6).jpg,beetle
beetle/beetle_(60).jpg,beetle
beetle/beetle_(61).jpg,beetle
beetle/beetle_(62).jpg,beetle
beetle/beetle_(63).jpg,beetle
beetle/beetle_(64).jpg,beetle
beetle/beetle_(65).jpg,beetle
beetle/beetle_(66).jpg,beetle
beetle/beetle_(67).jpg,beetle
beetle/beetle_(68).jpg,beetle
beetle/beetle_(69).jpg,beetle
beetle/beetle_(7).jpg,beetle
beetle/beetle_(70).jpg,beetle
beetle/beetle_(71).jpg,beetle
beetle/beetle_(72).jpg,beetle
beetle/beetle_(73).jpg,beetle
beetle/beetle_(74).jpg,beetle
beetle/beetle_(75).jpg,beetle
beetle/beetle_(76).jpg,beetle
beetle/beetle_(77).jpg,beetle
beetle/beetle_(78).jpg,beetle
beetle/beetle_(79).jpg,beetle
beetle/beetle_(8).jpg,beetle
beetle/beetle_(80).jpg,beetle
beetle/beetle_(81).jpg,beetle
beetle/beetle_(82).jpg,beetle
beetle/beetle_(83).jpg,beetle
beetle/beetle_(84).jpg,beetle
beetle/beetle_(85).jpg,beetle
beetle/beetle_(86).jpg,beetle
beetle/beetle_(87).jpg,beetle
beetle/beetle_(88).jpg,beetle
beetle/beetle_(89).jpg,beetle
beetle/beetle_(9).jpg,beetle
beetle/beetle_(90).jpg,beetle
beetle/beetle_(91).jpg,beetle
beetle/beetle_(92).jpg,beetle
beetle/beetle_(93).jpg,beetle
beetle/beetle_(94).jpg,beetle
beetle/beetle_(95).jpg,beetle
beetle/beetle_(96).jpg,beetle
beetle/beetle_(97).jpg,beetle
beetle/beetle_(98).jpg,beetle
beetle/beetle_(99).jpg,beetle
